"source_id","sequence_or_segment_id","local_or_remote_reference","available_modalities","observed_scene_or_motion","observation_unit","access_state","access_cost","rgb_identity_state","time_order_state","algorithm_output_access_state","historical_role","current_asset_role","claim_ceiling","terminal_status","reusable_assets","known_limitations","recommended_disposition","notes"
"RCLE_SYNTHETIC_MINIMAL_R0","2520 frozen synthetic trials","artifacts.local/datasets/rcle_minimal_r0/formal_run_r0","programmatic RGB; exact transform; timestamps; synthetic truth","yaw/pitch/roll; scale up/down; mixed motion; noise/blur/occlusion","frame pair","LOCAL_COMPLETE","2520 generated trials","NOT_APPLICABLE","BOUND","TUNED_ON","Phase A mechanism and implementation audit","DEVELOPMENT_REUSABLE","DEVELOPMENT","REVISE / VALID","generator; manifests; receipts; tests; failure cells","synthetic only; worst-cell coverage failed","建议保留","不得作为真实或 external confirmation"
"RCLE_SYNTHETIC_MINIMAL_R1","same 2520 trial identities; implementation-only revision","artifacts.local/datasets/rcle_minimal_r1/formal_run_r1","programmatic RGB; exact transform; timestamps; synthetic truth","same frozen matrix; partial-occlusion pitch remains weak","frame pair","LOCAL_COMPLETE","2520 generated trials","NOT_APPLICABLE","BOUND","TUNED_ON","single permitted coverage revision","REGRESSION_TEST","DEVELOPMENT","STOP_CURRENT_IMPLEMENTATION / VALID","revision implementation; receipts; regression fixtures","stress worst cell 0.60 below 0.70; no second revision","建议保留","历史终态不可回写"
"RCLE_OBSERVABLE_SUPPORT_RECOVERY_R0","sealed seed set 3000-3019; 2520 trials","artifacts.local/evidence/rcle_observable_support_recovery_r0","programmatic RGB; exact transform; timestamps; synthetic truth","support recovery under frozen clean/stress matrix","frame pair","LOCAL_COMPLETE","one sealed execution; 2520 trials","NOT_APPLICABLE","BOUND","OUTPUT_INSPECTED","independent synthetic support validation","REGRESSION_TEST","SEALED_EVALUATION","PASS / VALID / INDEPENDENT_SYNTHETIC_EVIDENCE_ONLY","sealed receipt; implementation lock; validation fixtures","synthetic authority only","建议保留","不产生真实、产品或安全权限"
"TUM_RGBD","rgbd_dataset_freiburg2_rpy; windows 0-9, especially 0/3/6 and 2/7","artifacts.local/datasets/rcle_tum_fr2_rpy_source_native_r0","RGB; metric depth; timestamps; intrinsics; mocap pose","rotation-dominant; below-reference development anchors; mixed radial motion","segment","LOCAL_COMPLETE","one public archive plus derived windows","BOUND","BOUND","TUNED_ON","source-native geometry audit and low-reference development","REGRESSION_TEST","DEVELOPMENT","PASS_SOURCE_NATIVE_GEOMETRY_CANARY_DESIGN_MAY_FOLLOW; later IMPLEMENTATION_READY_FOR_CONFIRMATION / VALID","association code; geometry ledgers; RGB algorithm regression pairs","accessed sequence and derivatives are not unseen confirmation","建议保留","window 4 geometry abstained; same-sequence frames not independent samples"
"BONN_RGBD_DYNAMIC","9 historical exclusions: crowd; moving_obstructing_box; person_tracking; balloon; person_tracking2; placing_nonobstructing_box3; removing_nonobstructing_box2; crowd3; moving_nonobstructing_box","artifacts.local/datasets/egomotion_compensated_looming_r1/bonn_discovery_r0","RGB-D; OptiTrack pose; timestamps; calibration; static map","dynamic boxes/person/crowd/balloon and earlier discovery windows","sequence","LOCAL_OR_HISTORICAL","historical downloads and decoded traces","BOUND","BOUND","TUNED_ON","hard exclusions; discovery; engineering validation","REGRESSION_TEST","DEVELOPMENT","HISTORICAL_EXCLUSION_MANIFEST_COMPLETE","parsers; replay; flow traces; static-map and failure cases","aggregated RGB/geometry/other outcome access; not independent confirmation","建议保留","只作 source characterization/counterexample/regression"
"BONN_RGBD_DYNAMIC","crowd2; balloon_tracking; balloon_tracking2; moving_obstructing_box2; balloon2; moving_nonobstructing_box2; 10 fixed windows","artifacts.local/datasets/rcle_phase_b_bonn_b0_r1","RGB-D archives; timestamps; pose; calibration","six-sequence frozen Phase B cohort","segment","LOCAL_COMPLETE","2,262,988,443 downloaded bytes; 2,976 B1 adjacent pairs","ARCHIVE_BOUND_RGB_NOT_DECODED_IN_B1","BOUND","TUNED_ON","B0 inventory then B1 geometry admission","FAILURE_ANALYSIS","DEVELOPMENT","B0 PASS / VALID; B1 INVALID_EXECUTION_CLOSE_B1","archives; CRC inventories; transport ledger; blank-grid mismatch fixtures","B1 producer-validator schema mismatch; zero RGB algorithm calls","建议保留","禁止重跑、换窗或启动B1B"
"EVIMO2","v2/Flea3/sanity_ll; 13 sequences first 10 s windows","artifacts.local/evidence/rcle_phase_b_real_positive_approach_role_admission_r0","depth; pose; metadata; timestamps; no RGB access","candidate positive-approach geometry","sequence","GEOMETRY_CONSUMED","3,895 candidate pairs","NOT_READ","BOUND","OUTPUT_INSPECTED","real positive-role admission R0","REGRESSION_TEST","DISCOVERY","HOLD_ALGORITHM_CANARY_APPROACH_ROLE_INCOMPLETE / VALID","geometry producer; validator; 13 negative role fixtures","0/13 windows passed; exact family no longer unseen for same claim","建议保留","不得换 camera/group/window rescue"
"ETH3D","sofa_3 and sofa-scene capture family","official sofa_3 RGB-D URL; artifacts.local evidence receipts","RGB-D container metadata; response artifact","indoor sofa scene candidate","capture session","CLAIM_CONSUMED","84,363,952 response bytes; 1 GET","CONTAINER_IDENTITY_INCOMPLETE","NOT_CLOSED","CONTENT_INSPECTED","real positive-role admission R1","FAILURE_ANALYSIS","DISCOVERY","HOLD_ALGORITHM_CANARY_APPROACH_ROLE_INCOMPLETE / VALID","source-access receipt; container mismatch fixture","required member identity incomplete; no RGB algorithm outcome","建议保留","sofa family cannot replace same claim"
"ETH3D","desk_3; 7 fixed windows","artifacts.local/evidence/rcle_motion_diverse_rgbd_geometry_admission_r0","depth; pose; timestamps; geometry","all windows ambiguous under frozen role gates","segment","GEOMETRY_CONSUMED","bounded public capture geometry audit","RGB_BYTES_ZERO","BOUND","CONTENT_INSPECTED","motion-diverse geometry admission","FAILURE_ANALYSIS","DISCOVERY","NOT_EVALUABLE_NO_RGB_NO_REPLACEMENT / VALID","geometry result; ledgers; negative windows","no selected role-complete window","建议保留","不补窗或换源"
"ETH3D","desk_changing_1@4065.364250422 development segment","artifacts.local/evidence/rcle_motion_diverse_rgbd_source_search_r1","271 RGB frames; depth; pose; timestamps","real development positive approach","segment","LOCAL_COMPLETE","271 frames; about 270 pairs","BOUND","BOUND","TUNED_ON","RGB development canary and low-reference attribution","REGRESSION_TEST","DEVELOPMENT","DEVELOPMENT_SIGNAL_DIRECTION_SUPPORTED / VALID","RGB cache; algorithm ledgers; attribution fixtures","development-only and outcome-seen","建议保留","绝不能包装为 confirmation"
"ETH3D","mannequin_1; plant_scene_1; 4 windows total","artifacts.local/evidence/rcle_source_discovery_r3/successor_geometry/eth3d","depth; pose; timestamps; no RGB materialization","fresh-capture geometry; all ambiguous","segment","GEOMETRY_CONSUMED","bounded retained depth extraction","RGB_BYTES_ZERO","BOUND","CONTENT_INSPECTED","R3 successor geometry discovery","FAILURE_ANALYSIS","DISCOVERY","ETH3D_SOURCE_INCOMPLETE_NO_ROLE_TUPLE","depth identities; result; pair ledger","0 positive and 0 below windows","建议保留","不用于 role rescue"
"ETH3D","cables_1 capture and 120-frame USTRF subset","artifacts.local/evidence/ustrf-sensor-replay-r3","RGB-D; pose; timestamps; other-program outputs","indoor cable scene","capture session","CROSS_PROGRAM_ACCESSED","existing USTRF replay subset","BOUND","BOUND","TUNED_ON","cross-program source characterization","REGRESSION_TEST","DEVELOPMENT","CROSS_PROGRAM_RECLASSIFIED","transport; normalization; visual and replay fixtures","RGB and other algorithm outputs already inspected","建议保留","not RCLE confirmation"
"CID_SIMS_V6","floor3_1 W0/W1; 600 frames and 598 pairs","artifacts.local/datasets/cid_sims_v6/office_building/floor3/floor3_1.zip","RGB; metric depth; camera pose; timestamps; intrinsics","W1 positive; W0 later portion also approach-like","segment","LOCAL_COMPLETE","2,211,008,069-byte archive","BOUND","BOUND","TUNED_ON","real RGB development canary and pairwise posthoc alignment","REGRESSION_TEST","DEVELOPMENT","INVALID_R0_EVIDENCE / INVALID; posthoc alignment VALID","RGB cache; algorithm ledger; geometry ledger; false-trigger fixtures","validator defect invalidated formal evidence; outcome used in development","建议保留","not confirmation or performance evidence"
"CID_SIMS_V6","floor3_1 W3-W11 disjoint geometry holdout","same floor3_1 archive; disjoint-window evidence roots","depth; pose; timestamps; RGB identities not materialized","7 eligible positive windows; 0 below; W5/W9 identity-ineligible","segment","GEOMETRY_CONSUMED","same local archive; zero candidate RGB bytes","NOT_MATERIALIZED","BOUND","CONTENT_INSPECTED","same-sequence disjoint holdout","FAILURE_ANALYSIS","DEVELOPMENT","GEOMETRY_STRATIFIED_WINDOWS_NOT_EVALUABLE / VALID","geometry windows; positive stress cases; selection failure evidence","no balanced 2+2 role set","建议保留","禁止用ineligible windows rescue"
"CID_SIMS_V6","floor3_2; 18 fixed windows","artifacts.local/datasets/cid_sims_v6/office_building/floor3/floor3_2.zip","depth; pose; timestamps; RGB not read by holdout","17 positive; 0 below; 1 ambiguous","segment","LOCAL_COMPLETE_GEOMETRY_CONSUMED","3,274,014,381-byte archive","RGB_BYTES_ZERO_FOR_HOLDOUT","BOUND","CONTENT_INSPECTED","cross-sequence same-source development holdout","FAILURE_ANALYSIS","DEVELOPMENT","CROSS_SEQUENCE_HOLDOUT_INVALID / INVALID; posthoc numeric audit VALID","source transport; geometry windows; positive stress cases","no below-reference role; formal numeric representation mismatch remains immutable","建议保留","not balanced holdout; floor3_3 not automatic successor"
"CID_SIMS_V6","floor3_3 official run","official ScienceDB registry; no local completed archive recorded","official RGB-D-pose capability metadata","unexecuted same-floor sibling run","sequence","REMOTE_REFERENCE_ONLY","metadata only","UNKNOWN","UNKNOWN","UNKNOWN","unconsumed registry alternate","UNKNOWN","NO_SCIENTIFIC_CLAIM","NO_EXPERIMENT_TERMINAL","official identity metadata","same Floor3 ancestry; exact access history not fully closed","身份未知，暂不处理","requires wholly new protocol; cannot provide source independence"
"OPENLORIS_CORRIDOR","corridor1-1; 28 fixed windows","artifacts.local/evidence/rcle_source_authority_repair_r1/geometry-r2/openloris/corridor1-1","aligned depth; pose; timestamps; directory identities; transient color bytes discarded","24 positive windows including w004-w027; 4 ambiguous","segment","GEOMETRY_CONSUMED","13,853,763,765-byte source identity; selective geometry extraction","RGB_NOT_MATERIALIZED_OR_VIEWED_IN_RCLE","BOUND","CONTENT_INSPECTED","external-source geometry discovery positive pool","DISCOVERY_REUSABLE","DISCOVERY","EXTERNAL_COHORT_NOT_EVALUABLE / COMPLETION_AUDIT_FAIL","source authority; directories; geometry pair ledgers","geometry outcome consumed; no below role; source-role confounded","建议保留","not pristine geometry and not RGB confirmation"
"OPENLORIS_CORRIDOR","corridor1-2; 11 fixed windows","artifacts.local/evidence/rcle_source_authority_repair_r1/geometry-r2/openloris/corridor1-2","aligned depth; pose; timestamps; directory identities","10 positive windows; 1 ambiguous","segment","GEOMETRY_CONSUMED","6,075,166,411-byte nested slice identity; selective extraction","RGB_NOT_MATERIALIZED_OR_VIEWED_IN_RCLE","BOUND","CONTENT_INSPECTED","external-source geometry discovery positive pool","DISCOVERY_REUSABLE","DISCOVERY","EXTERNAL_COHORT_NOT_EVALUABLE / COMPLETION_AUDIT_FAIL","source authority; geometry result and ledger","geometry consumed; no below role","建议保留","not automatic future role"
"MULTISCAN","scene_00000_00; scene_00000_01; 21 windows","artifacts.local/evidence/rcle_source_authority_repair_r1/geometry-r2/multiscan","depth.zlib; poses; timestamps; JSON identities","all 21 windows ambiguous","segment","GEOMETRY_CONSUMED","part of 19.843352 GiB unique R2 payload","RGB_NOT_MATERIALIZED","BOUND","CONTENT_INSPECTED","external-source geometry discovery","DISCOVERY_REUSABLE","DISCOVERY","EXTERNAL_COHORT_NOT_EVALUABLE / COMPLETION_AUDIT_FAIL","source authority; parsers; result; pair ledgers","no positive or below role under frozen gates","建议保留","not role-complete"
"DLR_RGBD_VICON","triangle_02/03; hexagon_01; square_01; triangle_01; loop/circle_squares_01; 84 windows","artifacts.local/evidence/rcle_source_discovery_r3","depth; Vicon pose; timestamps; rosbag identities","9 below-reference windows; 0 positive; remainder ambiguous","segment","GEOMETRY_CONSUMED","small Vicon bags plus bounded geometry extraction","RGB_BYTES_ZERO","BOUND","CONTENT_INSPECTED","R3 below-reference geometry pool","DISCOVERY_REUSABLE","DISCOVERY","EXTERNAL_COHORT_NOT_EVALUABLE; source waves incomplete","geometry_source; result; pair ledgers; registry","no positive role; selected source remains role-confounded","建议保留","other registry captures are not automatic successors"
"OPENLORIS_CORRIDOR","corridor1-1:w004 RGB Segment Confirmation R1 claim","artifacts.local/evidence/rcle_rgb_segment_confirmation_r1","opaque RGB identity only; no eligible frames","frozen positive segment identity extraction","segment","CLAIM_CONSUMED","0 successful RGB frames; URLError terminal","NOT_CLOSED","NOT_CLOSED","CONTENT_INSPECTED","formal RGB segment confirmation positive claim","ARCHIVE_NOT_EVALUABLE","SEALED_EVALUATION","INVALID_IDENTITY_EXTRACTION_CLOSE_ATTEMPT / URLError","claim; terminal; abstention and review receipts","0 pixel decode; 0 algorithm call; retry forbidden","建议保留","must not retry, change URL, or fall back to full source"
"DLR_RGBD_VICON","extreme_geometry/hexagon_01:w001 RGB Segment Confirmation R1 claim","artifacts.local/evidence/rcle_rgb_segment_confirmation_r1","opaque RGB identity ranges only; no eligible frames","frozen below-reference segment identity extraction","segment","CLAIM_CONSUMED","129 ranges; 1,065,353,305 remote bytes under 1 GiB cap","NOT_CLOSED","NOT_CLOSED","CONTENT_INSPECTED","formal RGB segment confirmation below claim","ARCHIVE_NOT_EVALUABLE","SEALED_EVALUATION","SEGMENT_IDENTITY_NOT_EVALUABLE / DLR_BYTE_BUDGET_EXHAUSTED_OR_RGB_GUARD_ABSENT","claim; range ledger; terminal; independent review","0 pixel decode; 0 algorithm call; retry and budget expansion forbidden","建议保留","must not change window or use full-source rescue"
"OPENLORIS_CORRIDOR","corridor1-1:w004 R2 transport-repair claim","artifacts.local/evidence/rcle_rgb_segment_confirmation_r2","archive header/directory transport receipts","same historical positive segment; repaired transport attempt","segment","CLAIM_CONSUMED","21 accounted bytes; 0 successful bytes","NOT_CLOSED","NOT_CLOSED","CONTENT_INSPECTED","post-R1 transport repair attempt","FAILURE_ANALYSIS","NO_SCIENTIFIC_CLAIM","OPENLORIS_R2_ONE_SHOT_NOT_EVALUABLE_TRANSPORT_FAILURE","activation; range ledger; transport failure and quarantine receipts","0 payload files; 0 decode; 0 algorithm; successor does not rewrite R1","建议归档","local untracked successor package; do not restart"
"MVSEC","indoor_flying1:w002; indoor_flying2:w004; indoor_flying4; geometry windows","artifacts.local/evidence/rcle_source_discovery_r3/successor_geometry/mvsec","rectified depth; mocap pose; timestamps; calibration; no RGB payload","flying1 w002 below; flying2 w004 positive; flying4 ambiguous","segment","GEOMETRY_CONSUMED","bounded ground-truth/depth materialization","RGB_BYTES_ZERO","BOUND","CONTENT_INSPECTED","R3 geometry role tuple and source characterization","DISCOVERY_REUSABLE","DISCOVERY","historical SOURCE_ROLE_TUPLE_COMPLETE; current R1 unchanged","geometry results; ledgers; calibration and time-grid probes","same-source tuple is not cross-source RGB confirmation","建议保留","does not override RGB Segment R1 terminal"
"MVSEC","indoor_flying3 reserve","artifacts.local/evidence/rcle_source_discovery_r3/successor_r4_preflight/mvsec","rosbag index and time-grid metadata only","unconsumed reserve capture","capture session","METADATA_ONLY","index probe only","UNKNOWN","PREFLIGHT_ONLY","SEALED_UNSEEN","queued reserve in historical discovery","SEALED_EVALUATION_CANDIDATE","NO_SCIENTIFIC_CLAIM","NO_SCIENTIFIC_TERMINAL","index probe; object identity metadata","no complete exact access/ancestry audit for a future claim","建议归档","no automatic successor; current closure stops data roaming"
"MVSEC","indoor_flying2:w004 then conditional indoor_flying1:w002 RGB identity R2","artifacts.local/evidence/rcle_rgb_segment_confirmation_mvsec_r2","raw image metadata; rectified depth timestamps; calibration; range/stage ledgers","RGB-depth pairing for exact historical geometry windows","segment","CLAIM_CONSUMED","235 target chunks; 707 ranges; 209,027,387 accounted bytes for flying2","NOT_CLOSED","PAIRING_GATE_FAILED","CONTENT_INSPECTED","post-R1 MVSEC RGB identity attempt","FAILURE_ANALYSIS","NO_SCIENTIFIC_CLAIM","MVSEC_RGB_IDENTITY_NOT_EVALUABLE / IMAGE_GEOMETRY_PAIRING","chunk planner; metadata ledgers; calibration adapter tests","63/200 within 5 ms; no frame payload; no algorithm; flying1 not executed","建议归档","retry/resume forbidden; does not rewrite current R1"
"BUNDLEFUSION","office3; apt2","artifacts.local/evidence/rcle_source_discovery_r3/bundlefusion/timestamp_audit.json","compressed RGB-D containers; frame indexes","long indoor sequences but source timestamps are zero","sequence","TIMESTAMP_AUDITED","3820 and 3989 indexed frames","RGB_SEEK_SKIPPED_NOT_DECODED","INVALID_ALL_ZERO","CONTENT_INSPECTED","source discovery time-grid audit","FAILURE_ANALYSIS","DISCOVERY","BUNDLEFUSION_SOURCE_NOT_EVALUABLE_SOURCE_NATIVE_TIMESTAMPS_ZERO","format parser; timestamp counterexample","cannot form source-native time order; other captures remain UNKNOWN","建议保留","do not extrapolate capture failure to entire family without audit"
"CAVERS","loc_handheld_1","artifacts.local/evidence/rcle_source_discovery_r3/successor_r4_preflight/cavers","pose CSV metadata; intrinsics/TF controls","handheld cave route; prelock incident","capture session","PRELOCK_ACCESS_HOLD","two pose-coordinate rows accidentally read","UNKNOWN","PARTIAL","UNKNOWN","R4 preflight candidate","FAILURE_ANALYSIS","NO_SCIENTIFIC_CLAIM","CAVERS_LOC_HANDHELD_1_CAPTURE_LOCAL_PRELOCK_ACCESS_HOLD_SOURCE_REMAINDER_UNTESTED","incident receipt; member identities","not pristine; no legal geometry execution","建议保留","no further access under closed route"
"CAVERS","loc_handheld_3 w000-w003","artifacts.local/evidence/rcle_source_discovery_r3/successor_r4_preflight/cavers","directory; timestamps; depth/pose schema; intrinsics/TF","all four windows pass metadata time-grid","segment","PREFLIGHT_ONLY","ZIP directory and bounded metadata probes","UNKNOWN","PREFLIGHT_PASS","UNKNOWN","R4 segment-level candidate preflight","SEALED_EVALUATION_CANDIDATE","NO_SCIENTIFIC_CLAIM","CAVERS_PRELOCK_TIMEGRID_PASS; EXTRACTOR_REVIEW_FAIL","directory; time-grid; calibration controls","no depth values, pose trajectory, geometry, or RGB algorithm; extractor not accepted","建议归档","candidate only under a future new protocol; not started"
"CAVERS","loc_handheld_4 w001","artifacts.local/evidence/rcle_source_discovery_r3/successor_r4_preflight/cavers","directory; timestamps; depth/pose schema; intrinsics/TF","w001 passes time-grid; w000/w002/w003 fail","segment","PREFLIGHT_ONLY","ZIP directory and bounded metadata probes","UNKNOWN","W001_PREFLIGHT_PASS","UNKNOWN","R4 segment-level candidate preflight","SEALED_EVALUATION_CANDIDATE","NO_SCIENTIFIC_CLAIM","CAVERS_PRELOCK_TIMEGRID_PASS; EXTRACTOR_REVIEW_FAIL","directory; time-grid; calibration controls","only one window passes; no legal geometry execution","建议归档","other-window failures must not propagate, but no current authority"
"CAVERS","rec_handheld_8","artifacts.local/evidence/rcle_source_discovery_r3/successor_r4_preflight/cavers","ZIP directory; incomplete GT_ODOM member","reconstruction handheld capture control","capture session","METADATA_ONLY","directory probe only","UNKNOWN","NOT_CLOSED","UNKNOWN","R4 preflight control","FAILURE_ANALYSIS","NO_SCIENTIFIC_CLAIM","CAPTURE_LOCAL_HOLD_GT_ODOM_MEMBER_ONLY_82_BYTES","directory and failure receipt","ground-truth odometry member incomplete","建议保留","no extraction or geometry"
"VECTOR_BENCHMARK","board-slow; robot-fast; 6 windows","artifacts.local/evidence/rcle_source_discovery_r3/successor_geometry/vector","RGB-D; mocap; timestamps; no RGB materialization for RCLE","small-scale board/robot motion; all ambiguous","segment","GEOMETRY_CONSUMED","bounded source materialization","RGB_BYTES_ZERO","BOUND","CONTENT_INSPECTED","R3 source characterization","FAILURE_ANALYSIS","DISCOVERY","SOURCE_INCOMPLETE_NO_ROLE_TUPLE","result; pair ledgers; small-scale counterexamples","domain scale differs; no positive or below roles","建议保留","not role rescue"
"ADT","frozen sixteen groundtruth sequences","artifacts.local/evidence/ustrf/egomotion_compensated_looming_r0/source_audit","groundtruth geometry metadata; no RGB visual access","motion-role geometry prescreen","sequence","GEOMETRY_CONSUMED","16 selected groundtruth payloads under historical cap","RGB_NOT_VIEWED","BOUND","TUNED_ON","cross-program geometry-cell prescreen","REGRESSION_TEST","DISCOVERY","CROSS_PROGRAM_RECLASSIFIED","groundtruth parser; geometry-cell fixtures","claim-relevant geometry and selection influence already occurred","建议保留","not pristine role admission or confirmation"
"ICL_NUIM_TARTANAIR","ICL living-room kt0-kt3; accessed TartanAir captures","historical artifacts.local datasets and USTRF/RCLE reports","synthetic RGB; depth; pose; timestamps","synthetic indoor motion and geometry","sequence","HISTORICAL_LOCAL","existing synthetic payloads","BOUND_OR_HISTORICAL","BOUND","TUNED_ON","synthetic calibration and source characterization","REGRESSION_TEST","DEVELOPMENT","SYNTHETIC_NOT_REAL_ROLE_ELIGIBLE","parsers; calibration; regression fixtures","synthetic and previously accessed; cannot fill real role","建议保留","no external confirmation claim"
"AV2_WAYMO_CODA_HOLOASSIST","prior metadata/source audits","artifacts.local/evidence/ustrf/egomotion_compensated_looming_r0/source_audit","metadata; partial indexes; some central-directory evidence","vehicle/headset source feasibility only","sequence","METADATA_OR_UNKNOWN","metadata downloads and bounded probes","NOT_VIEWED_IN_RCLE","UNKNOWN","UNKNOWN","precursor source-boundary audits","DISCOVERY_REUSABLE","DISCOVERY","NO_RCLE_EXPERIMENT_TERMINAL","source authority and timing parsers","payload/geometry access differs per exact source and is not fully resolved","身份未知，暂不处理","no new source search in current closure"
"RCLE_SOURCE_DISCOVERY_R4_DESIGN","OpenLORIS corridor1-1:w004 + DLR hexagon_01:w001 proposed segment cohort","docs/research/rcle/RCLE_SOURCE_DISCOVERY_R4_SEGMENT_LEVEL_COHORT_DESIGN_R1_2026-07-28.json","existing geometry results only","cross-source positive/below proposal with source-role confounding","segment","DESIGN_ONLY","no new payload and no geometry rerun","NOT_AUTHORIZED","BOUND_FROM_HISTORY","CONTENT_INSPECTED","protocol-usability correction proposal","ARCHIVE_NOT_EVALUABLE","NO_SCIENTIFIC_CLAIM","REVIEW_REQUIRED / NOT_AUTHORIZED","diagnosis of wrong source-level admission unit","proposal pending; later R1 RGB claims are consumed and NOT_EVALUABLE","建议归档","must not be treated as current successor authority"
"RCLE_SYNTHETIC_STRESS_DIAGNOSTIC_R1","stress_r1_attempt2; 56 sequences; 5656 frames","E:/linnan/linnan/.release-worktrees/rcle-synthetic-scene-r0/artifacts.local/datasets/rcle_synthetic_stress_r1/stress_r1_attempt2","synthetic RGB; latent depth; noisy depth; exact/perturbed pose; timestamps","lighting; low texture; blur; occlusion; depth noise; pose perturbation","sequence","LOCAL_BUILD_VALIDATED","915,683,692 bytes; 56 sequences; QA 1176 frames","BOUND_SYNTHETIC","BOUND","CONTENT_INSPECTED","synthetic stress build prepared before closure request","DEVELOPMENT_REUSABLE","DEVELOPMENT","BUILD_VALIDATED; EVALUATION_STOPPED_BEFORE_SCIENTIFIC_OUTPUT","builder; validator; receipts; QA montages; numerical stress audit","formal evaluator was stopped on closure request before any scientific ledger or summary","建议归档","no algorithm outcome; do not resume automatically"
"RCLE_ECOLOGICAL_RESPONSE_DISCOVERY_R0","advio15_native60_pilot120_r0; advio15_native60_halfres_pilot120_r0; advio15_native60_halfres_first10s_r0/r1","artifacts.local/evidence/rcle_ecological_response_discovery_r0/","existing local RGB input; generated pair ledgers and response artifacts","natural first-person walking pilots","segment","LOCAL_UNAUTHORIZED_ARTIFACT","two completed directories plus two stopped directories; 11 files / 435,199 bytes total","UNKNOWN","UNKNOWN","SEALED_UNSEEN","unattended pilot processes detected and stopped during closure; output content not opened","ARCHIVE_NOT_EVALUABLE","NO_SCIENTIFIC_CLAIM","UNAUTHORIZED_EXECUTION_ARTIFACT / NOT_ADMITTED","process audit and untouched output files","violated closure boundary; no result review, interpretation, or scientific admission","建议归档","all related process chains stopped; preserve incident, do not resume or treat as study start"
